Datetime,Water Level (m)
2026-07-11 18:00:00,1.4364504
2026-07-11 19:00:00,1.4257727
2026-07-11 20:00:00,1.1296103
2026-07-11 21:00:00,0.7405934
2026-07-11 22:00:00,0.30797604
2026-07-11 23:00:00,-0.099376485
2026-07-12 00:00:00,-0.47051606
2026-07-12 01:00:00,-0.74095494
2026-07-12 02:00:00,-0.47417596
2026-07-12 03:00:00,0.3116011
2026-07-12 04:00:00,1.042125
2026-07-12 05:00:00,1.6658955
2026-07-12 06:00:00,2.0399323
2026-07-12 07:00:00,2.2222376
2026-07-12 08:00:00,2.0228534
2026-07-12 09:00:00,1.5998034
2026-07-12 10:00:00,1.1203352
2026-07-12 11:00:00,0.62751865
2026-07-12 12:00:00,0.15251394
2026-07-12 13:00:00,-0.27089506
2026-07-12 14:00:00,-0.58190805
2026-07-12 15:00:00,-0.38800776
2026-07-12 16:00:00,0.324047
2026-07-12 17:00:00,0.9439149
2026-07-12 18:00:00,1.4530457
2026-07-12 19:00:00,1.7575902
2026-07-12 20:00:00,1.7331904
2026-07-12 21:00:00,1.3695105
2026-07-12 22:00:00,0.9311556
2026-07-12 23:00:00,0.45650402
2026-07-13 00:00:00,0.00022108975
2026-07-13 01:00:00,-0.41310248
2026-07-13 02:00:00,-0.7363319
2026-07-13 03:00:00,-0.46089727
2026-07-13 04:00:00,0.38251108
2026-07-13 05:00:00,1.1696898
2026-07-13 06:00:00,1.8370193
2026-07-13 07:00:00,2.3026326
2026-07-13 08:00:00,2.4484718
2026-07-13 09:00:00,2.191839
2026-07-13 10:00:00,1.7119403
2026-07-13 11:00:00,1.1982899
2026-07-13 12:00:00,0.66592354
2026-07-13 13:00:00,0.15803063
2026-07-13 14:00:00,-0.29256397
2026-07-13 15:00:00,-0.64509356
2026-07-13 16:00:00,-0.39385107
2026-07-13 17:00:00,0.38328168
2026-07-13 18:00:00,1.0565385
2026-07-13 19:00:00,1.5776796
2026-07-13 20:00:00,1.8700719
2026-07-13 21:00:00,1.8067489
2026-07-13 22:00:00,1.4101318
2026-07-13 23:00:00,0.9492232
2026-07-14 00:00:00,0.4568547
2026-07-14 01:00:00,-0.01636977
2026-07-14 02:00:00,-0.4396169
2026-07-14 03:00:00,-0.7760673
2026-07-14 04:00:00,-0.4210628
2026-07-14 05:00:00,0.47754222
2026-07-14 06:00:00,1.3024495
2026-07-14 07:00:00,1.9925951
2026-07-14 08:00:00,2.4520237
2026-07-14 09:00:00,2.527954
2026-07-14 10:00:00,2.198106
2026-07-14 11:00:00,1.6968037
2026-07-14 12:00:00,1.167701
2026-07-14 13:00:00,0.63096255
2026-07-14 14:00:00,0.11633639
2026-07-14 15:00:00,-0.32975632
2026-07-14 16:00:00,-0.6627767
2026-07-14 17:00:00,-0.20496427
2026-07-14 18:00:00,0.58894587
2026-07-14 19:00:00,1.2818575
2026-07-14 20:00:00,1.8074576
2026-07-14 21:00:00,2.0595818
2026-07-14 22:00:00,1.8976278
2026-07-14 23:00:00,1.4680935
2026-07-15 00:00:00,0.9800277
2026-07-15 01:00:00,0.47440726
2026-07-15 02:00:00,-0.012487056
2026-07-15 03:00:00,-0.4377296
2026-07-15 04:00:00,-0.7440954
2026-07-15 05:00:00,-0.1795326
2026-07-15 06:00:00,0.7111127
2026-07-15 07:00:00,1.5292623
2026-07-15 08:00:00,2.2080085
2026-07-15 09:00:00,2.6136801
2026-07-15 10:00:00,2.580066
2026-07-15 11:00:00,2.1626933
2026-07-15 12:00:00,1.6339927
2026-07-15 13:00:00,1.0863574
2026-07-15 14:00:00,0.5464052
2026-07-15 15:00:00,0.028465925
2026-07-15 16:00:00,-0.4067022
2026-07-15 17:00:00,-0.66602033
2026-07-15 18:00:00,0.059110418
2026-07-15 19:00:00,0.82818025
2026-07-15 20:00:00,1.4977676
2026-07-15 21:00:00,1.9844402
2026-07-15 22:00:00,2.173516
2026-07-15 23:00:00,1.8990991
2026-07-16 00:00:00,1.4483218
2026-07-16 01:00:00,0.9425479
2026-07-16 02:00:00,0.43216407
2026-07-16 03:00:00,-0.054691464
2026-07-16 04:00:00,-0.47049475
2026-07-16 05:00:00,-0.70091015
2026-07-16 06:00:00,0.10578339
2026-07-16 07:00:00,0.9833041
2026-07-16 08:00:00,1.7724231
2026-07-16 09:00:00,2.38168
2026-07-16 10:00:00,2.6868303
2026-07-16 11:00:00,2.5196002
2026-07-16 12:00:00,2.045279
2026-07-16 13:00:00,1.5052351
2026-07-16 14:00:00,0.94788927
2026-07-16 15:00:00,0.41604
2026-07-16 16:00:00,-0.087477475
2026-07-16 17:00:00,-0.4963935
2026-07-16 18:00:00,-0.56140363
2026-07-16 19:00:00,0.31957105
2026-07-16 20:00:00,1.0789822
2026-07-16 21:00:00,1.7135475
2026-07-16 22:00:00,2.126525
2026-07-16 23:00:00,2.2089512
2026-07-17 00:00:00,1.8400747
2026-07-17 01:00:00,1.3725421
2026-07-17 02:00:00,0.8598787
2026-07-17 03:00:00,0.35355213
2026-07-17 04:00:00,-0.12415189
2026-07-17 05:00:00,-0.513485
2026-07-17 06:00:00,-0.54978734
2026-07-17 07:00:00,0.39314336
2026-07-17 08:00:00,1.2199109
2026-07-17 09:00:00,1.944992
2026-07-17 10:00:00,2.451553
2026-07-17 11:00:00,2.6256666
2026-07-17 12:00:00,2.3242526
2026-07-17 13:00:00,1.8303593
2026-07-17 14:00:00,1.293859
2026-07-17 15:00:00,0.74422055
2026-07-17 16:00:00,0.22228202
2026-07-17 17:00:00,-0.2424261
2026-07-17 18:00:00,-0.6037212
